"Data,""Organisation unit"",""Organisation unit"",""Organisation unit"",""Organisation unit"",""Organisation unit"",""Value"""
"NHMIS Monthly Summary (version 2013) Reporting rate,""ng Federal Government"",""bo Borno State"",""bo Shani Local Government Area"","""",""bo Gora Ward"",""100.0"""
"NHMIS Monthly Summary (version 2013) Reporting rate,""ng Federal Government"",""bo Borno State"","""","""",""bo Chibok Local Government Area"",""88.9"""
"NHMIS Monthly Summary (version 2013) Reporting rate,""ng Federal Government"",""bo Borno State"",""bo Hawul Local Government Area"","""",""bo Gwanzang Chata Ward"",""100.0"""
"NHMIS Monthly Summary (version 2013) Reporting rate,""ng Federal Government"",""bo Borno State"",""bo Askira/Uba Local Government Area"",""bo Uba Ward"",""bo Uba Dispensary"",""100.0"""
"NHMIS Monthly Summary (version 2013) Reporting rate,""ng Federal Government"",""bo Borno State"",""bo Askira/Uba Local Government Area"",""bo Ngohi Ward"",""bo Kilangal Dispensary"",""100.0"""
"NHMIS Monthly Summary (version 2013) Reporting rate,""ng Federal Government"",""bo Borno State"",""bo Maiduguri Local Government Area"","""",""bo Gamboru Ward"",""100.0"""
"NHMIS Monthly Summary (version 2013) Reporting rate,""ng Federal Government"",""bo Borno State"",""bo Kwaya Kusar Local Government Area"","""",""bo Kwaya-kusar Ward"",""100.0"""
"NHMIS Monthly Summary (version 2013) Reporting rate,""ng Federal Government"",""bo Borno State"",""bo Biu Local Government Area"",""bo Garunbula Ward"",""bo Mathlau Health Post"",""100.0"""
"NHMIS Monthly Summary (version 2013) Reporting rate,""ng Federal Government"",""bo Borno State"",""bo Jere Local Government Area"",""bo Dusuman Ward"",""bo CBDA Dispensary"",""100.0"""
"NHMIS Monthly Summary (version 2013) Reporting rate,""ng Federal Government"",""bo Borno State"",""bo Kaga Local Government Area"","""",""bo Mainok Ward"",""100.0"""
"NHMIS Monthly Summary (version 2013) Reporting rate,""ng Federal Government"",""bo Borno State"",""bo Askira/Uba Local Government Area"","""",""bo Ngohi Ward"",""100.0"""
"NHMIS Monthly Summary (version 2013) Reporting rate,""ng Federal Government"",""bo Borno State"",""bo Kwaya Kusar Local Government Area"",""bo Hongai Ward"",""bo Wandali Eyn Dispensary"",""100.0"""
"NHMIS Monthly Summary (version 2013) Reporting rate,""ng Federal Government"",""bo Borno State"",""bo Damboa Local Government Area"","""",""bo Azir Ward"",""66.7"""
"NHMIS Monthly Summary (version 2013) Reporting rate,""ng Federal Government"",""bo Borno State"",""bo Askira/Uba Local Government Area"","""",""bo Lassa Ward"",""100.0"""
"NHMIS Monthly Summary (version 2013) Reporting rate,""ng Federal Government"",""bo Borno State"",""bo Konduga Local Government Area"",""bo Auno Ward"",""bo Chabbal Dispensary"",""100.0"""
"NHMIS Monthly Summary (version 2013) Reporting rate,""ng Federal Government"",""bo Borno State"",""bo Mafa Local Government Area"",""bo Mafa Ward"",""bo Mafa Maternal and Child Health Centre"",""100.0"""
"NHMIS Monthly Summary (version 2013) Reporting rate,""ng Federal Government"",""bo Borno State"",""bo Bayo Local Government Area"","""",""bo Jaradali Ward"",""100.0"""
"NHMIS Monthly Summary (version 2013) Reporting rate,""ng Federal Government"",""bo Borno State"",""bo Konduga Local Government Area"","""",""bo Konduga Ward"",""100.0"""
"NHMIS Monthly Summary (version 2013) Reporting rate,""ng Federal Government"",""bo Borno State"",""bo Kaga Local Government Area"",""bo Benishiek Ward"",""bo Benishiek Maternal and Child Health Centre"",""100.0"""
"NHMIS Monthly Summary (version 2013) Reporting rate,""ng Federal Government"",""bo Borno State"",""bo Askira/Uba Local Government Area"",""bo Uvu Uda Ward"",""bo Udah Dispensary"",""100.0"""
"NHMIS Monthly Summary (version 2013) Reporting rate,""ng Federal Government"",""bo Borno State"",""bo Hawul Local Government Area"",""bo Kwajaffa Harang Ward"",""bo Kirputu Primary Health Centre"",""100.0"""
"NHMIS Monthly Summary (version 2013) Reporting rate,""ng Federal Government"",""bo Borno State"",""bo Hawul Local Government Area"","""",""bo Kida Ward"",""50.0"""
"NHMIS Monthly Summary (version 2013) Reporting rate,""ng Federal Government"",""bo Borno State"",""bo Gubio Local Government Area"",""bo Zowa Ward"",""bo Zowa Dispensary"",""100.0"""
"NHMIS Monthly Summary (version 2013) Reporting rate,""ng Federal Government"",""bo Borno State"",""bo Hawul Local Government Area"","""",""bo Hizihi Ward"",""50.0"""
"NHMIS Monthly Summary (version 2013) Reporting rate,""ng Federal Government"",""bo Borno State"",""bo Bayo Local Government Area"","""",""bo Balbaya Ward"",""50.0"""
"NHMIS Monthly Summary (version 2013) Reporting rate,""ng Federal Government"",""bo Borno State"",""bo Biu Local Government Area"","""",""bo Galdimari Ward"",""100.0"""
"NHMIS Monthly Summary (version 2013) Reporting rate,""ng Federal Government"",""bo Borno State"",""bo Chibok Local Government Area"",""bo Kautikari Ward"",""bo Kautikari Dispensary"",""100.0"""
"NHMIS Monthly Summary (version 2013) Reporting rate,""ng Federal Government"",""bo Borno State"",""bo Bayo Local Government Area"",""bo Briyel Ward"",""bo Fikeheil Dispensary"",""100.0"""
"NHMIS Monthly Summary (version 2013) Reporting rate,""ng Federal Government"",""bo Borno State"",""bo Bayo Local Government Area"",""bo Gamadadi Ward"",""bo Gamadadi Health Clinic"",""100.0"""
"NHMIS Monthly Summary (version 2013) Reporting rate,""ng Federal Government"",""bo Borno State"",""bo Konduga Local Government Area"","""",""bo Dalori Ward"",""100.0"""
"NHMIS Monthly Summary (version 2013) Reporting rate,""ng Federal Government"",""bo Borno State"",""bo Maiduguri Local Government Area"","""",""bo Bolori Ward"",""14.3"""
"NHMIS Monthly Summary (version 2013) Reporting rate,""ng Federal Government"",""bo Borno State"",""bo Hawul Local Government Area"","""",""bo Pama Whitambaya Ward"",""50.0"""
"NHMIS Monthly Summary (version 2013) Reporting rate,""ng Federal Government"",""bo Borno State"",""bo Kwaya Kusar Local Government Area"",""bo Kwaya-kusar Ward"",""bo Kwaya-Kusar Maternal and Child Health Centre"",""100.0"""
"NHMIS Monthly Summary (version 2013) Reporting rate,""ng Federal Government"",""bo Borno State"",""bo Magumeri Local Government Area"","""",""bo Furram Ward"",""100.0"""
"NHMIS Monthly Summary (version 2013) Reporting rate,""ng Federal Government"",""bo Borno State"",""bo Bayo Local Government Area"","""",""bo Briyel Ward"",""100.0"""
"NHMIS Monthly Summary (version 2013) Reporting rate,""ng Federal Government"",""bo Borno State"",""bo Magumeri Local Government Area"","""",""bo Kareram Lawanti Ward"",""100.0"""
"NHMIS Monthly Summary (version 2013) Reporting rate,""ng Federal Government"",""bo Borno State"",""bo Mobbar Local Government Area"",""bo Damasak Ward"",""bo Damasak Maternal and Child Health Centre"",""100.0"""
"NHMIS Monthly Summary (version 2013) Reporting rate,""ng Federal Government"",""bo Borno State"","""","""",""bo Maiduguri Local Government Area"",""47.4"""
"NHMIS Monthly Summary (version 2013) Reporting rate,""ng Federal Government"",""bo Borno State"",""bo Bayo Local Government Area"","""",""bo Wuyo Ward"",""75.0"""
"NHMIS Monthly Summary (version 2013) Reporting rate,""ng Federal Government"",""bo Borno State"",""bo Kwaya Kusar Local Government Area"",""bo Kwardum Ward"",""bo Kwardum Dispensary"",""100.0"""
"NHMIS Monthly Summary (version 2013) Reporting rate,""ng Federal Government"",""bo Borno State"",""bo Jere Local Government Area"","""",""bo Dusuman Ward"",""33.3"""
"NHMIS Monthly Summary (version 2013) Reporting rate,""ng Federal Government"",""bo Borno State"",""bo Dikwa Local Government Area"",""bo Dikwa Ward"",""bo Dikwa General Hospital"",""100.0"""
"NHMIS Monthly Summary (version 2013) Reporting rate,""ng Federal Government"",""bo Borno State"",""bo Damboa Local Government Area"",""bo Damboa Ward"",""bo Damboa General Hospital"",""100.0"""
"NHMIS Monthly Summary (version 2013) Reporting rate,""ng Federal Government"",""bo Borno State"",""bo Askira/Uba Local Government Area"",""bo Ngulde Ward"",""bo Grambal Health Clinic"",""100.0"""
"NHMIS Monthly Summary (version 2013) Reporting rate,""ng Federal Government"",""bo Borno State"",""bo Hawul Local Government Area"",""bo Puba Vidor Ward"",""bo Gwallam Dispensary"",""100.0"""
"NHMIS Monthly Summary (version 2013) Reporting rate,""ng Federal Government"",""bo Borno State"",""bo Mafa Local Government Area"","""",""bo Mafa Ward"",""50.0"""
"NHMIS Monthly Summary (version 2013) Reporting rate,""ng Federal Government"",""bo Borno State"",""bo Kwaya Kusar Local Government Area"",""bo Kwaya-kusar Ward"",""bo Kwaya-kusar Dispensary"",""100.0"""
"NHMIS Monthly Summary (version 2013) Reporting rate,""ng Federal Government"",""bo Borno State"",""bo Magumeri Local Government Area"",""bo Gajigana Ward"",""bo Gajigana Maternal and Child Health Centre"",""100.0"""
"NHMIS Monthly Summary (version 2013) Reporting rate,""ng Federal Government"",""bo Borno State"",""bo Bayo Local Government Area"","""",""bo Teli Ward"",""100.0"""
"NHMIS Monthly Summary (version 2013) Reporting rate,""ng Federal Government"",""bo Borno State"",""bo Magumeri Local Government Area"","""",""bo Hoyo Chingowa Ward"",""100.0"""
"NHMIS Monthly Summary (version 2013) Reporting rate,""ng Federal Government"",""bo Borno State"",""bo Gubio Local Government Area"","""",""bo Gubio 2 Ward"",""100.0"""
"NHMIS Monthly Summary (version 2013) Reporting rate,""ng Federal Government"",""bo Borno State"",""bo Hawul Local Government Area"",""bo Kwaya Bura Ward"",""bo Kwaya Bura Maternal and Child Health Centre"",""100.0"""
"NHMIS Monthly Summary (version 2013) Reporting rate,""ng Federal Government"",""bo Borno State"","""","""",""bo Kaga Local Government Area"",""42.9"""
"NHMIS Monthly Summary (version 2013) Reporting rate,""ng Federal Government"",""bo Borno State"",""bo Biu Local Government Area"",""bo Buratai Ward"",""bo Bam Health Post"",""100.0"""
"NHMIS Monthly Summary (version 2013) Reporting rate,""ng Federal Government"",""bo Borno State"",""bo Bayo Local Government Area"",""bo Jaradali Ward"",""bo Guvayako Dispensary"",""100.0"""
"NHMIS Monthly Summary (version 2013) Reporting rate,""ng Federal Government"",""bo Borno State"",""bo Chibok Local Government Area"","""",""bo Garu Ward"",""100.0"""
"NHMIS Monthly Summary (version 2013) Reporting rate,""ng Federal Government"",""bo Borno State"",""bo Biu Local Government Area"",""bo Mandaragirau Ward"",""bo Mandaragirau Dispensary"",""100.0"""
"NHMIS Monthly Summary (version 2013) Reporting rate,""ng Federal Government"",""bo Borno State"",""bo Chibok Local Government Area"",""bo Mbokura Ward"",""bo Mboakura Dispensary"",""100.0"""
"NHMIS Monthly Summary (version 2013) Reporting rate,""ng Federal Government"",""bo Borno State"",""bo Askira/Uba Local Government Area"",""bo Wamdio Ward"",""bo Wamdio Dispensary"",""100.0"""
"NHMIS Monthly Summary (version 2013) Reporting rate,""ng Federal Government"",""bo Borno State"",""bo Hawul Local Government Area"",""bo Kwajaffa Harang Ward"",""bo Tashan Alade Clinic"",""100.0"""
"NHMIS Monthly Summary (version 2013) Reporting rate,""ng Federal Government"",""bo Borno State"","""","""",""bo Magumeri Local Government Area"",""60.0"""
"NHMIS Monthly Summary (version 2013) Reporting rate,""ng Federal Government"",""bo Borno State"",""bo Bayo Local Government Area"",""bo Jaradali Ward"",""bo Zange Dispensary"",""100.0"""
"NHMIS Monthly Summary (version 2013) Reporting rate,""ng Federal Government"",""bo Borno State"",""bo Hawul Local Government Area"",""bo Sakwa Ward"",""bo Sakwa Primary Health Centre"",""100.0"""
"NHMIS Monthly Summary (version 2013) Reporting rate,""ng Federal Government"",""bo Borno State"",""bo Biu Local Government Area"",""bo Dugja Ward"",""bo Tum Health Post"",""100.0"""
"NHMIS Monthly Summary (version 2013) Reporting rate,""ng Federal Government"",""bo Borno State"",""bo Biu Local Government Area"",""bo Yawi Ward"",""bo Yawi Health Post"",""100.0"""
"NHMIS Monthly Summary (version 2013) Reporting rate,""ng Federal Government"",""bo Borno State"",""bo Biu Local Government Area"",""bo Zarawuyaku Ward"",""bo Abboat Health Clinic"",""100.0"""
"NHMIS Monthly Summary (version 2013) Reporting rate,""ng Federal Government"",""bo Borno State"",""bo Chibok Local Government Area"","""",""bo Chibok Unknown Ward"",""50.0"""
"NHMIS Monthly Summary (version 2013) Reporting rate,""ng Federal Government"",""bo Borno State"",""bo Chibok Local Government Area"","""",""bo Shikarkir Ward"",""50.0"""
"NHMIS Monthly Summary (version 2013) Reporting rate,""ng Federal Government"",""bo Borno State"",""bo Shani Local Government Area"","""",""bo Gwalasha Ward"",""50.0"""
"NHMIS Monthly Summary (version 2013) Reporting rate,""ng Federal Government"",""bo Borno State"",""bo Maiduguri Local Government Area"",""bo Gamboru Ward"",""bo Gamboru Martat Dispensary"",""100.0"""
"NHMIS Monthly Summary (version 2013) Reporting rate,""ng Federal Government"",""bo Borno State"",""bo Hawul Local Government Area"","""",""bo Puba Vidor Ward"",""75.0"""
"NHMIS Monthly Summary (version 2013) Reporting rate,""ng Federal Government"",""bo Borno State"",""bo Kwaya Kusar Local Government Area"","""",""bo Peta Ward"",""100.0"""
"NHMIS Monthly Summary (version 2013) Reporting rate,""ng Federal Government"",""bo Borno State"",""bo Maiduguri Local Government Area"","""",""bo Shehuri South Ward"",""100.0"""
"NHMIS Monthly Summary (version 2013) Reporting rate,""ng Federal Government"",""bo Borno State"",""bo Chibok Local Government Area"",""bo Chibok Unknown Ward"",""bo Likama Health Clinic"",""100.0"""
"NHMIS Monthly Summary (version 2013) Reporting rate,""ng Federal Government"",""bo Borno State"",""bo Jere Local Government Area"","""",""bo Mashamari Ward"",""25.0"""
"NHMIS Monthly Summary (version 2013) Reporting rate,""ng Federal Government"",""bo Borno State"",""bo Gwoza Local Government Area"",""bo Hausari Gadamayo Ward"",""bo Gwoza Health Clinic"",""100.0"""
"NHMIS Monthly Summary (version 2013) Reporting rate,""ng Federal Government"",""bo Borno State"",""bo Konduga Local Government Area"",""bo Auno Ward"",""bo Auno Health Clinic"",""100.0"""
"NHMIS Monthly Summary (version 2013) Reporting rate,""ng Federal Government"",""bo Borno State"",""bo Bayo Local Government Area"",""bo Wuyo Ward"",""bo Gaidam Dispensary"",""100.0"""
"NHMIS Monthly Summary (version 2013) Reporting rate,""ng Federal Government"",""bo Borno State"",""bo Biu Local Government Area"","""",""bo Garunbula Ward"",""75.0"""
"NHMIS Monthly Summary (version 2013) Reporting rate,""ng Federal Government"",""bo Borno State"",""bo Mafa Local Government Area"",""bo Mala Kyariri Ward"",""bo Mala kyariri Health Centre"",""100.0"""
"NHMIS Monthly Summary (version 2013) Reporting rate,""ng Federal Government"",""bo Borno State"",""bo Chibok Local Government Area"","""",""bo Whuntaku Chibok Ward"",""100.0"""
"NHMIS Monthly Summary (version 2013) Reporting rate,""ng Federal Government"",""bo Borno State"",""bo Askira/Uba Local Government Area"",""bo Hussara Zajawa Ward"",""bo Askira General Hospital"",""100.0"""
"NHMIS Monthly Summary (version 2013) Reporting rate,""ng Federal Government"",""bo Borno State"",""bo Hawul Local Government Area"",""bo Hizihi Ward"",""bo Pelathdom Dispensary"",""100.0"""
"NHMIS Monthly Summary (version 2013) Reporting rate,""ng Federal Government"",""bo Borno State"",""bo Maiduguri Local Government Area"","""",""bo Gwange Ward"",""33.3"""
"NHMIS Monthly Summary (version 2013) Reporting rate,""ng Federal Government"",""bo Borno State"",""bo Gubio Local Government Area"","""",""bo Ngetra Ward"",""100.0"""
"NHMIS Monthly Summary (version 2013) Reporting rate,""ng Federal Government"",""bo Borno State"",""bo Hawul Local Government Area"",""bo Gwanzang Chata Ward"",""bo Mbula Tawiwi Dispensary"",""100.0"""
"NHMIS Monthly Summary (version 2013) Reporting rate,""ng Federal Government"",""bo Borno State"","""","""",""bo Biu Local Government Area"",""74.1"""
"NHMIS Monthly Summary (version 2013) Reporting rate,""ng Federal Government"","""","""","""",""bo Borno State"",""52.3"""
"NHMIS Monthly Summary (version 2013) Reporting rate,""ng Federal Government"",""bo Borno State"",""bo Bayo Local Government Area"",""bo Teli Ward"",""bo Garingado Dispensary"",""100.0"""
"NHMIS Monthly Summary (version 2013) Reporting rate,""ng Federal Government"",""bo Borno State"",""bo Shani Local Government Area"","""",""bo Bargu Ward"",""40.0"""
"NHMIS Monthly Summary (version 2013) Reporting rate,""ng Federal Government"",""bo Borno State"",""bo Maiduguri Local Government Area"",""bo Lamisula Jabbamari Ward"",""bo Borno Medical Health Clinic"",""100.0"""
"NHMIS Monthly Summary (version 2013) Reporting rate,""ng Federal Government"",""bo Borno State"",""bo Chibok Local Government Area"",""bo Gatamarwa Ward"",""bo Paya Yesu Dispensary"",""100.0"""
"NHMIS Monthly Summary (version 2013) Reporting rate,""ng Federal Government"",""bo Borno State"",""bo Biu Local Government Area"",""bo Gunda Ward"",""bo Gunda Dispensary"",""100.0"""
"NHMIS Monthly Summary (version 2013) Reporting rate,""ng Federal Government"",""bo Borno State"",""bo Bayo Local Government Area"",""bo Wuyo Ward"",""bo Guburnde Dispensary"",""100.0"""
"NHMIS Monthly Summary (version 2013) Reporting rate,""ng Federal Government"",""bo Borno State"",""bo Gubio Local Government Area"",""bo Ngetra Ward"",""bo Ngetra Dispensary"",""100.0"""
"NHMIS Monthly Summary (version 2013) Reporting rate,""ng Federal Government"",""bo Borno State"",""bo Kukawa Local Government Area"","""",""bo Baga Ward"",""100.0"""
"NHMIS Monthly Summary (version 2013) Reporting rate,""ng Federal Government"",""bo Borno State"",""bo Mafa Local Government Area"","""",""bo Mala Kyariri Ward"",""100.0"""
"NHMIS Monthly Summary (version 2013) Reporting rate,""ng Federal Government"",""bo Borno State"","""","""",""bo Mobbar Local Government Area"",""50.0"""
"NHMIS Monthly Summary (version 2013) Reporting rate,""ng Federal Government"",""bo Borno State"",""bo Biu Local Government Area"",""bo Gur Ward"",""bo Kimba Health Post"",""100.0"""
"NHMIS Monthly Summary (version 2013) Reporting rate,""ng Federal Government"",""bo Borno State"","""","""",""bo Kukawa Local Government Area"",""42.9"""
"NHMIS Monthly Summary (version 2013) Reporting rate,""ng Federal Government"",""bo Borno State"",""bo Kwaya Kusar Local Government Area"","""",""bo Kurbagayi Ward"",""100.0"""
"NHMIS Monthly Summary (version 2013) Reporting rate,""ng Federal Government"",""bo Borno State"",""bo Damboa Local Government Area"","""",""bo Gumsuri Ward"",""50.0"""
"NHMIS Monthly Summary (version 2013) Reporting rate,""ng Federal Government"",""bo Borno State"",""bo Hawul Local Government Area"","""",""bo Sakwa Ward"",""50.0"""
"NHMIS Monthly Summary (version 2013) Reporting rate,""ng Federal Government"",""bo Borno State"",""bo Bayo Local Government Area"",""bo J/Gol Ward"",""bo Korko Dispensary"",""100.0"""
"NHMIS Monthly Summary (version 2013) Reporting rate,""ng Federal Government"",""bo Borno State"","""","""",""bo Kwaya Kusar Local Government Area"",""100.0"""
"NHMIS Monthly Summary (version 2013) Reporting rate,""ng Federal Government"",""bo Borno State"",""bo Askira/Uba Local Government Area"","""",""bo Uba Ward"",""100.0"""
"NHMIS Monthly Summary (version 2013) Reporting rate,""ng Federal Government"",""bo Borno State"",""bo Hawul Local Government Area"",""bo Puba Vidor Ward"",""bo Hyera Clinic"",""100.0"""
"NHMIS Monthly Summary (version 2013) Reporting rate,""ng Federal Government"",""bo Borno State"",""bo Kwaya Kusar Local Government Area"",""bo Billa Gussi Ward"",""bo Gusi Dispensary"",""100.0"""
"NHMIS Monthly Summary (version 2013) Reporting rate,""ng Federal Government"",""bo Borno State"",""bo Hawul Local Government Area"",""bo Shaffa Ward"",""bo Shaffa Primary Health Centre"",""100.0"""
"NHMIS Monthly Summary (version 2013) Reporting rate,""ng Federal Government"",""bo Borno State"",""bo Konduga Local Government Area"",""bo Auno Ward"",""bo Pompomari Maternal and Child Health Centre"",""100.0"""
"NHMIS Monthly Summary (version 2013) Reporting rate,""ng Federal Government"",""bo Borno State"",""bo Shani Local Government Area"",""bo Gora Ward"",""bo Gora Maternal and Child Health Centre"",""100.0"""
"NHMIS Monthly Summary (version 2013) Reporting rate,""ng Federal Government"",""bo Borno State"",""bo Gwoza Local Government Area"","""",""bo Hambagda Limankara Jaje Ward"",""100.0"""
"NHMIS Monthly Summary (version 2013) Reporting rate,""ng Federal Government"",""bo Borno State"",""bo Damboa Local Government Area"",""bo Damboa Ward"",""bo Damboa Dispensary"",""100.0"""
"NHMIS Monthly Summary (version 2013) Reporting rate,""ng Federal Government"",""bo Borno State"",""bo Kukawa Local Government Area"",""bo Kukawa Ward"",""bo Kukawa Maternal and Child Health Centre"",""100.0"""
"NHMIS Monthly Summary (version 2013) Reporting rate,""ng Federal Government"",""bo Borno State"",""bo Askira/Uba Local Government Area"",""bo Mussa Ward"",""bo Mussa Primary Health Centre"",""100.0"""
"NHMIS Monthly Summary (version 2013) Reporting rate,""ng Federal Government"",""bo Borno State"",""bo Biu Local Government Area"","""",""bo Gunda Ward"",""25.0"""
"NHMIS Monthly Summary (version 2013) Reporting rate,""ng Federal Government"",""bo Borno State"",""bo Gubio Local Government Area"","""",""bo Gubio 1 Ward"",""50.0"""
"NHMIS Monthly Summary (version 2013) Reporting rate,""ng Federal Government"",""bo Borno State"",""bo Magumeri Local Government Area"","""",""bo Gajigana Ward"",""33.3"""
"NHMIS Monthly Summary (version 2013) Reporting rate,""ng Federal Government"",""bo Borno State"",""bo Konduga Local Government Area"",""bo Auno Ward"",""bo Tungule Health Clinic"",""100.0"""
"NHMIS Monthly Summary (version 2013) Reporting rate,""ng Federal Government"",""bo Borno State"",""bo Biu Local Government Area"",""bo Yawi Ward"",""bo Biu General Hospital"",""100.0"""
"NHMIS Monthly Summary (version 2013) Reporting rate,""ng Federal Government"",""bo Borno State"",""bo Gwoza Local Government Area"",""bo Hambagda Limankara Jaje Ward"",""bo Limankara Health Clinic"",""100.0"""
"NHMIS Monthly Summary (version 2013) Reporting rate,""ng Federal Government"",""bo Borno State"",""bo Maiduguri Local Government Area"",""bo Gamboru Ward"",""bo Gamboru Male Dispensary"",""100.0"""
"NHMIS Monthly Summary (version 2013) Reporting rate,""ng Federal Government"",""bo Borno State"",""bo Biu Local Government Area"",""bo Mandaragirau Ward"",""bo Liya Dispensary"",""100.0"""
"NHMIS Monthly Summary (version 2013) Reporting rate,""ng Federal Government"",""bo Borno State"",""bo Konduga Local Government Area"",""bo Malari Ward"",""bo Malari Dispensary"",""100.0"""
"NHMIS Monthly Summary (version 2013) Reporting rate,""ng Federal Government"",""bo Borno State"",""bo Nganzai Local Government Area"",""bo Gajiram Ward"",""bo Gajiram Maternal and Child Health Centre"",""100.0"""
"NHMIS Monthly Summary (version 2013) Reporting rate,""ng Federal Government"",""bo Borno State"",""bo Kaga Local Government Area"","""",""bo Ngamdu Ward"",""50.0"""
"NHMIS Monthly Summary (version 2013) Reporting rate,""ng Federal Government"",""bo Borno State"",""bo Hawul Local Government Area"",""bo Puba Vidor Ward"",""bo Kukarampu Dispensary"",""100.0"""
"NHMIS Monthly Summary (version 2013) Reporting rate,""ng Federal Government"",""bo Borno State"",""bo Shani Local Government Area"",""bo Gwalasha Ward"",""bo Kashim Dispensary"",""100.0"""
"NHMIS Monthly Summary (version 2013) Reporting rate,""ng Federal Government"",""bo Borno State"",""bo Chibok Local Government Area"","""",""bo Kautikari Ward"",""100.0"""
"NHMIS Monthly Summary (version 2013) Reporting rate,""ng Federal Government"",""bo Borno State"",""bo Chibok Local Government Area"",""bo Whuntaku Chibok Ward"",""bo Njilan Dispensary"",""100.0"""
"NHMIS Monthly Summary (version 2013) Reporting rate,""ng Federal Government"",""bo Borno State"",""bo Kwaya Kusar Local Government Area"","""",""bo Hongai Ward"",""100.0"""
"NHMIS Monthly Summary (version 2013) Reporting rate,""ng Federal Government"",""bo Borno State"","""","""",""bo Bayo Local Government Area"",""71.4"""
"NHMIS Monthly Summary (version 2013) Reporting rate,""ng Federal Government"",""bo Borno State"",""bo Askira/Uba Local Government Area"",""bo Mussa Ward"",""bo Mussa Dispensary"",""100.0"""
"NHMIS Monthly Summary (version 2013) Reporting rate,""ng Federal Government"",""bo Borno State"",""bo Magumeri Local Government Area"",""bo Furram Ward"",""bo Furram Health Clinic"",""100.0"""
"NHMIS Monthly Summary (version 2013) Reporting rate,""ng Federal Government"",""bo Borno State"",""bo Ngala Local Government Area"","""",""bo Gamboru C Ward"",""50.0"""
"NHMIS Monthly Summary (version 2013) Reporting rate,""ng Federal Government"",""bo Borno State"",""bo Chibok Local Government Area"",""bo Kuburbula Ward"",""bo Kuburmbula Dispensary"",""100.0"""
"NHMIS Monthly Summary (version 2013) Reporting rate,""ng Federal Government"",""bo Borno State"",""bo Kala/Balge Local Government Area"","""",""bo Rann Ward"",""100.0"""
"NHMIS Monthly Summary (version 2013) Reporting rate,""ng Federal Government"",""bo Borno State"",""bo Bayo Local Government Area"","""",""bo Gamadadi Ward"",""50.0"""
"NHMIS Monthly Summary (version 2013) Reporting rate,""ng Federal Government"",""bo Borno State"",""bo Jere Local Government Area"","""",""bo Maimusari Ward"",""100.0"""
"NHMIS Monthly Summary (version 2013) Reporting rate,""ng Federal Government"",""bo Borno State"",""bo Chibok Local Government Area"",""bo Whuntaku Chibok Ward"",""bo Bwalangyang Dispensary"",""100.0"""
"NHMIS Monthly Summary (version 2013) Reporting rate,""ng Federal Government"",""bo Borno State"",""bo Bayo Local Government Area"",""bo Teli Ward"",""bo Limanti Dispensary"",""100.0"""
"NHMIS Monthly Summary (version 2013) Reporting rate,""ng Federal Government"",""bo Borno State"",""bo Konduga Local Government Area"",""bo Konduga Ward"",""bo Konduga Maternal and Child Health Centre"",""100.0"""
"NHMIS Monthly Summary (version 2013) Reporting rate,""ng Federal Government"",""bo Borno State"",""bo Kwaya Kusar Local Government Area"",""bo Guwal Ward"",""bo Guwal Dispensary"",""100.0"""
"NHMIS Monthly Summary (version 2013) Reporting rate,""ng Federal Government"",""bo Borno State"",""bo Gubio Local Government Area"",""bo Gubio 1 Ward"",""bo Gubio Maternal and Child Health Centre"",""100.0"""
"NHMIS Monthly Summary (version 2013) Reporting rate,""ng Federal Government"",""bo Borno State"",""bo Jere Local Government Area"","""",""bo Galtimari Ward"",""40.0"""
"NHMIS Monthly Summary (version 2013) Reporting rate,""ng Federal Government"",""bo Borno State"",""bo Hawul Local Government Area"","""",""bo Kwajaffa Harang Ward"",""80.0"""
"NHMIS Monthly Summary (version 2013) Reporting rate,""ng Federal Government"",""bo Borno State"",""bo Bayo Local Government Area"","""",""bo Zara Ward"",""33.3"""
"NHMIS Monthly Summary (version 2013) Reporting rate,""ng Federal Government"",""bo Borno State"",""bo Chibok Local Government Area"",""bo Mbalala Ward"",""bo Mbalala Dispensary"",""100.0"""
"NHMIS Monthly Summary (version 2013) Reporting rate,""ng Federal Government"",""bo Borno State"",""bo Chibok Local Government Area"","""",""bo Pemi Ward"",""100.0"""
"NHMIS Monthly Summary (version 2013) Reporting rate,""ng Federal Government"",""bo Borno State"",""bo Kala/Balge Local Government Area"",""bo Rann Ward"",""bo Rann Primary Health Centre"",""100.0"""
"NHMIS Monthly Summary (version 2013) Reporting rate,""ng Federal Government"",""bo Borno State"",""bo Kaga Local Government Area"",""bo Ngamdu Ward"",""bo Ngamdu Maternal and Child Health Centre"",""100.0"""
"NHMIS Monthly Summary (version 2013) Reporting rate,""ng Federal Government"",""bo Borno State"",""bo Hawul Local Government Area"","""",""bo Kwaya Bura Ward"",""100.0"""
"NHMIS Monthly Summary (version 2013) Reporting rate,""ng Federal Government"",""bo Borno State"",""bo Kwaya Kusar Local Government Area"","""",""bo Billa Gussi Ward"",""100.0"""
"NHMIS Monthly Summary (version 2013) Reporting rate,""ng Federal Government"",""bo Borno State"",""bo Magumeri Local Government Area"","""",""bo Magumeri Ward"",""33.3"""
"NHMIS Monthly Summary (version 2013) Reporting rate,""ng Federal Government"",""bo Borno State"",""bo Askira/Uba Local Government Area"",""bo Uvu Uda Ward"",""bo Uvu Health Clinic"",""100.0"""
"NHMIS Monthly Summary (version 2013) Reporting rate,""ng Federal Government"",""bo Borno State"",""bo Bayo Local Government Area"",""bo Teli Ward"",""bo Teli Dispensary"",""100.0"""
"NHMIS Monthly Summary (version 2013) Reporting rate,""ng Federal Government"",""bo Borno State"",""bo Kwaya Kusar Local Government Area"","""",""bo Yimirdalang Ward"",""100.0"""
"NHMIS Monthly Summary (version 2013) Reporting rate,""ng Federal Government"",""bo Borno State"",""bo Gubio Local Government Area"","""",""bo Zowa Ward"",""100.0"""
"NHMIS Monthly Summary (version 2013) Reporting rate,""ng Federal Government"",""bo Borno State"","""","""",""bo Jere Local Government Area"",""18.5"""
"NHMIS Monthly Summary (version 2013) Reporting rate,""ng Federal Government"",""bo Borno State"",""bo Biu Local Government Area"",""bo Garunbula Ward"",""bo Charangi Health Post"",""100.0"""
"NHMIS Monthly Summary (version 2013) Reporting rate,""ng Federal Government"",""bo Borno State"",""bo Chibok Local Government Area"",""bo Gatamarwa Ward"",""bo Gatamurwa Dispensary"",""100.0"""
"NHMIS Monthly Summary (version 2013) Reporting rate,""ng Federal Government"",""bo Borno State"",""bo Bayo Local Government Area"","""",""bo J/Gol Ward"",""50.0"""
"NHMIS Monthly Summary (version 2013) Reporting rate,""ng Federal Government"",""bo Borno State"",""bo Bayo Local Government Area"",""bo Balbaya Ward"",""bo Balbaya Dispensary"",""100.0"""
"NHMIS Monthly Summary (version 2013) Reporting rate,""ng Federal Government"",""bo Borno State"","""","""",""bo Konduga Local Government Area"",""46.2"""
"NHMIS Monthly Summary (version 2013) Reporting rate,""ng Federal Government"",""bo Borno State"",""bo Nganzai Local Government Area"","""",""bo Gajiram Ward"",""33.3"""
"NHMIS Monthly Summary (version 2013) Reporting rate,""ng Federal Government"",""bo Borno State"",""bo Bayo Local Government Area"",""bo Zara Ward"",""bo Laro Health Post"",""100.0"""
"NHMIS Monthly Summary (version 2013) Reporting rate,""ng Federal Government"",""bo Borno State"",""bo Hawul Local Government Area"",""bo Pama Whitambaya Ward"",""bo Poma Dispensary"",""100.0"""
"NHMIS Monthly Summary (version 2013) Reporting rate,""ng Federal Government"",""bo Borno State"",""bo Askira/Uba Local Government Area"","""",""bo Hussara Zajawa Ward"",""100.0"""
"NHMIS Monthly Summary (version 2013) Reporting rate,""ng Federal Government"",""bo Borno State"",""bo Ngala Local Government Area"","""",""bo Ngala Ward"",""100.0"""
"NHMIS Monthly Summary (version 2013) Reporting rate,""ng Federal Government"",""bo Borno State"",""bo Askira/Uba Local Government Area"",""bo Delle Huyam Ward"",""bo Delle Dispensary"",""100.0"""
"NHMIS Monthly Summary (version 2013) Reporting rate,""ng Federal Government"",""bo Borno State"","""","""",""bo Kala/Balge Local Government Area"",""11.1"""
"NHMIS Monthly Summary (version 2013) Reporting rate,""ng Federal Government"",""bo Borno State"",""bo Kukawa Local Government Area"",""bo Baga Ward"",""bo Baga Health Clinic"",""100.0"""
"NHMIS Monthly Summary (version 2013) Reporting rate,""ng Federal Government"",""bo Borno State"",""bo Maiduguri Local Government Area"",""bo Shehuri South Ward"",""bo Yerwa Maternal and Child Health Centre"",""100.0"""
"NHMIS Monthly Summary (version 2013) Reporting rate,""ng Federal Government"",""bo Borno State"","""","""",""bo Dikwa Local Government Area"",""100.0"""
"NHMIS Monthly Summary (version 2013) Reporting rate,""ng Federal Government"",""bo Borno State"",""bo Askira/Uba Local Government Area"",""bo Ngulde Ward"",""bo Ngulde Dispensary"",""100.0"""
"NHMIS Monthly Summary (version 2013) Reporting rate,""ng Federal Government"",""bo Borno State"",""bo Askira/Uba Local Government Area"",""bo Hussara Tampul Ward"",""bo Hussara Health Clinic"",""100.0"""
"NHMIS Monthly Summary (version 2013) Reporting rate,""ng Federal Government"",""bo Borno State"",""bo Bayo Local Government Area"",""bo Jaradali Ward"",""bo Jaradali Dispensary"",""100.0"""
"NHMIS Monthly Summary (version 2013) Reporting rate,""ng Federal Government"",""bo Borno State"",""bo Maiduguri Local Government Area"",""bo Gwange Ward"",""bo Gwange Maternal and Child Health Centre"",""100.0"""
"NHMIS Monthly Summary (version 2013) Reporting rate,""ng Federal Government"",""bo Borno State"",""bo Kwaya Kusar Local Government Area"",""bo Kwaya-kusar Ward"",""bo Kwaya-Kusar General Hospital"",""100.0"""
"NHMIS Monthly Summary (version 2013) Reporting rate,""ng Federal Government"",""bo Borno State"",""bo Gubio Local Government Area"",""bo Gubio 2 Ward"",""bo Bazam Dispensary"",""100.0"""
"NHMIS Monthly Summary (version 2013) Reporting rate,""ng Federal Government"",""bo Borno State"",""bo Bayo Local Government Area"",""bo Briyel Ward"",""bo Briyel Maternal and Child Health Centre"",""100.0"""
"NHMIS Monthly Summary (version 2013) Reporting rate,""ng Federal Government"",""bo Borno State"",""bo Biu Local Government Area"","""",""bo Yawi Ward"",""100.0"""
"NHMIS Monthly Summary (version 2013) Reporting rate,""ng Federal Government"",""bo Borno State"",""bo Damboa Local Government Area"",""bo Azir Ward"",""bo Azir Health Clinic"",""100.0"""
"NHMIS Monthly Summary (version 2013) Reporting rate,""ng Federal Government"",""bo Borno State"",""bo Askira/Uba Local Government Area"",""bo Askira East Ward"",""bo Askira Family Support Programme Clinic"",""100.0"""
"NHMIS Monthly Summary (version 2013) Reporting rate,""ng Federal Government"",""bo Borno State"",""bo Hawul Local Government Area"",""bo Kida Ward"",""bo Yimirshika Community Dispensary"",""100.0"""
"NHMIS Monthly Summary (version 2013) Reporting rate,""ng Federal Government"",""bo Borno State"",""bo Mobbar Local Government Area"","""",""bo Damasak Ward"",""100.0"""
"NHMIS Monthly Summary (version 2013) Reporting rate,""ng Federal Government"",""bo Borno State"",""bo Shani Local Government Area"",""bo Kubo Ward"",""bo Kombo Health Clinic"",""100.0"""
"NHMIS Monthly Summary (version 2013) Reporting rate,""ng Federal Government"",""bo Borno State"",""bo Konduga Local Government Area"",""bo Auno Ward"",""bo Njimtilo Health Clinic"",""100.0"""
"NHMIS Monthly Summary (version 2013) Reporting rate,""ng Federal Government"",""bo Borno State"",""bo Gwoza Local Government Area"","""",""bo Pulka Bokko Ward"",""100.0"""
"NHMIS Monthly Summary (version 2013) Reporting rate,""ng Federal Government"",""bo Borno State"","""","""",""bo Ngala Local Government Area"",""66.7"""
"NHMIS Monthly Summary (version 2013) Reporting rate,""ng Federal Government"",""bo Borno State"",""bo Biu Local Government Area"","""",""bo Zarawuyaku Ward"",""100.0"""
"NHMIS Monthly Summary (version 2013) Reporting rate,""ng Federal Government"",""bo Borno State"",""bo Askira/Uba Local Government Area"","""",""bo Uvu Uda Ward"",""100.0"""
"NHMIS Monthly Summary (version 2013) Reporting rate,""ng Federal Government"",""bo Borno State"","""","""",""bo Shani Local Government Area"",""24.1"""
"NHMIS Monthly Summary (version 2013) Reporting rate,""ng Federal Government"",""bo Borno State"",""bo Kukawa Local Government Area"",""bo Kukawa Ward"",""bo Cross Kauwa Health Clinic"",""100.0"""
"NHMIS Monthly Summary (version 2013) Reporting rate,""ng Federal Government"",""bo Borno State"",""bo Shani Local Government Area"",""bo Bargu Ward"",""bo Gunduri Health Clinic"",""100.0"""
"NHMIS Monthly Summary (version 2013) Reporting rate,""ng Federal Government"",""bo Borno State"",""bo Kwaya Kusar Local Government Area"",""bo Peta Ward"",""bo Peta Dispensary"",""100.0"""
"NHMIS Monthly Summary (version 2013) Reporting rate,""ng Federal Government"",""bo Borno State"",""bo Chibok Local Government Area"",""bo Mbalala Ward"",""bo Mbalala Eyn Dispensary"",""100.0"""
"NHMIS Monthly Summary (version 2013) Reporting rate,""ng Federal Government"",""bo Borno State"",""bo Damboa Local Government Area"",""bo Gumsuri Ward"",""bo Gumsuri Health Clinic"",""100.0"""
"NHMIS Monthly Summary (version 2013) Reporting rate,""ng Federal Government"",""bo Borno State"",""bo Chibok Local Government Area"",""bo Korongilin Ward"",""bo Korogila Dispensary"",""100.0"""
"NHMIS Monthly Summary (version 2013) Reporting rate,""ng Federal Government"",""bo Borno State"",""bo Chibok Local Government Area"",""bo Whuntaku Chibok Ward"",""bo Hirpaya Dispensary"",""100.0"""
"NHMIS Monthly Summary (version 2013) Reporting rate,""ng Federal Government"",""bo Borno State"",""bo Shani Local Government Area"",""bo Gora Ward"",""bo Lakolam G Dispensary"",""100.0"""
"NHMIS Monthly Summary (version 2013) Reporting rate,""ng Federal Government"",""bo Borno State"",""bo Biu Local Government Area"",""bo Garunbula Ward"",""bo Garubula Sabo Dispensary"",""100.0"""
"NHMIS Monthly Summary (version 2013) Reporting rate,""ng Federal Government"",""bo Borno State"",""bo Biu Local Government Area"",""bo Mandaragirau Ward"",""bo Debiro Dispensary"",""100.0"""
"NHMIS Monthly Summary (version 2013) Reporting rate,""ng Federal Government"",""bo Borno State"",""bo Jere Local Government Area"",""bo Maimusari Ward"",""bo Maimusari Health Clinic"",""100.0"""
"NHMIS Monthly Summary (version 2013) Reporting rate,""ng Federal Government"",""bo Borno State"",""bo Magumeri Local Government Area"",""bo Magumeri Ward"",""bo Magumeri Clinic"",""100.0"""
"NHMIS Monthly Summary (version 2013) Reporting rate,""ng Federal Government"",""bo Borno State"","""","""",""bo Mafa Local Government Area"",""75.0"""
"NHMIS Monthly Summary (version 2013) Reporting rate,""ng Federal Government"",""bo Borno State"",""bo Maiduguri Local Government Area"","""",""bo Lamisula Jabbamari Ward"",""75.0"""
"NHMIS Monthly Summary (version 2013) Reporting rate,""ng Federal Government"",""bo Borno State"",""bo Biu Local Government Area"",""bo Dugja Ward"",""bo Hizhi Dispensary"",""100.0"""
"NHMIS Monthly Summary (version 2013) Reporting rate,""ng Federal Government"",""bo Borno State"",""bo Konduga Local Government Area"",""bo Dalori Ward"",""bo Dalori Health Clinic"",""100.0"""
"NHMIS Monthly Summary (version 2013) Reporting rate,""ng Federal Government"",""bo Borno State"",""bo Hawul Local Government Area"",""bo Gwanzang Chata Ward"",""bo Chata Dispensary"",""100.0"""
"NHMIS Monthly Summary (version 2013) Reporting rate,""ng Federal Government"",""bo Borno State"",""bo Chibok Local Government Area"","""",""bo Korongilin Ward"",""100.0"""
"NHMIS Monthly Summary (version 2013) Reporting rate,""ng Federal Government"",""bo Borno State"",""bo Kwaya Kusar Local Government Area"","""",""bo Guwal Ward"",""100.0"""
"NHMIS Monthly Summary (version 2013) Reporting rate,""ng Federal Government"",""bo Borno State"",""bo Askira/Uba Local Government Area"","""",""bo Ngulde Ward"",""100.0"""
"NHMIS Monthly Summary (version 2013) Reporting rate,""ng Federal Government"",""bo Borno State"",""bo Konduga Local Government Area"",""bo Auno Ward"",""bo 777 Housing Estate Health Clinic"",""100.0"""
"NHMIS Monthly Summary (version 2013) Reporting rate,""ng Federal Government"",""bo Borno State"","""","""",""bo Nganzai Local Government Area"",""11.1"""
"NHMIS Monthly Summary (version 2013) Reporting rate,""ng Federal Government"",""bo Borno State"","""","""",""bo Hawul Local Government Area"",""64.0"""
"NHMIS Monthly Summary (version 2013) Reporting rate,""ng Federal Government"",""bo Borno State"",""bo Konduga Local Government Area"",""bo Auno Ward"",""bo 1000 Housing Estate Health Clinic"",""100.0"""
"NHMIS Monthly Summary (version 2013) Reporting rate,""ng Federal Government"",""bo Borno State"",""bo Maiduguri Local Government Area"",""bo Lamisula Jabbamari Ward"",""bo Kanem Hospital"",""100.0"""
"NHMIS Monthly Summary (version 2013) Reporting rate,""ng Federal Government"",""bo Borno State"",""bo Magumeri Local Government Area"",""bo Hoyo Chingowa Ward"",""bo Hoyo Health Clinic"",""100.0"""
"NHMIS Monthly Summary (version 2013) Reporting rate,""ng Federal Government"",""bo Borno State"",""bo Gubio Local Government Area"",""bo Dunga Ward"",""bo Dunga Dispensary"",""100.0"""
"NHMIS Monthly Summary (version 2013) Reporting rate,""ng Federal Government"",""bo Borno State"",""bo Konduga Local Government Area"",""bo Dalori Ward"",""bo Wannori Dispensary"",""100.0"""
"NHMIS Monthly Summary (version 2013) Reporting rate,""ng Federal Government"",""bo Borno State"",""bo Biu Local Government Area"","""",""bo Buratai Ward"",""100.0"""
"NHMIS Monthly Summary (version 2013) Reporting rate,""ng Federal Government"",""bo Borno State"","""","""",""bo Gwoza Local Government Area"",""71.4"""
"NHMIS Monthly Summary (version 2013) Reporting rate,""ng Federal Government"",""bo Borno State"",""bo Biu Local Government Area"",""bo Sul-Umthla Ward"",""bo Biu Health Clinic"",""100.0"""
"NHMIS Monthly Summary (version 2013) Reporting rate,""ng Federal Government"",""bo Borno State"",""bo Damboa Local Government Area"","""",""bo Damboa Ward"",""100.0"""
"NHMIS Monthly Summary (version 2013) Reporting rate,""ng Federal Government"",""bo Borno State"",""bo Konduga Local Government Area"","""",""bo Auno Ward"",""100.0"""
"NHMIS Monthly Summary (version 2013) Reporting rate,""ng Federal Government"",""bo Borno State"",""bo Damboa Local Government Area"",""bo Azir Ward"",""bo Sabongari Health Clinic"",""100.0"""
"NHMIS Monthly Summary (version 2013) Reporting rate,""ng Federal Government"",""bo Borno State"","""","""",""bo Gubio Local Government Area"",""71.4"""
"NHMIS Monthly Summary (version 2013) Reporting rate,""ng Federal Government"",""bo Borno State"",""bo Gwoza Local Government Area"","""",""bo Hausari Gadamayo Ward"",""50.0"""
"NHMIS Monthly Summary (version 2013) Reporting rate,""ng Federal Government"",""bo Borno State"",""bo Ngala Local Government Area"",""bo Ngala Ward"",""bo Ngala General Hospital"",""100.0"""
"NHMIS Monthly Summary (version 2013) Reporting rate,""ng Federal Government"",""bo Borno State"",""bo Hawul Local Government Area"",""bo Bilingwi Ward"",""bo Ghumma Clinic"",""100.0"""
"NHMIS Monthly Summary (version 2013) Reporting rate,""ng Federal Government"",""bo Borno State"",""bo Biu Local Government Area"",""bo Galdimari Ward"",""bo Galdimari Family Support Programme Clinic"",""100.0"""
"NHMIS Monthly Summary (version 2013) Reporting rate,""ng Federal Government"",""bo Borno State"",""bo Mafa Local Government Area"","""",""bo Tamsu Ngamduwa Ward"",""100.0"""
"NHMIS Monthly Summary (version 2013) Reporting rate,""ng Federal Government"",""bo Borno State"",""bo Konduga Local Government Area"","""",""bo Malari Ward"",""100.0"""
"NHMIS Monthly Summary (version 2013) Reporting rate,""ng Federal Government"",""bo Borno State"",""bo Biu Local Government Area"","""",""bo Dugja Ward"",""100.0"""
"NHMIS Monthly Summary (version 2013) Reporting rate,""ng Federal Government"",""bo Borno State"",""bo Biu Local Government Area"",""bo Zarawuyaku Ward"",""bo Biu Maternal and Child Health Centre"",""100.0"""
"NHMIS Monthly Summary (version 2013) Reporting rate,""ng Federal Government"",""bo Borno State"",""bo Hawul Local Government Area"","""",""bo Shaffa Ward"",""50.0"""
"NHMIS Monthly Summary (version 2013) Reporting rate,""ng Federal Government"",""bo Borno State"",""bo Bayo Local Government Area"",""bo Wuyo Ward"",""bo Wuyo Dispensary"",""100.0"""
"NHMIS Monthly Summary (version 2013) Reporting rate,""ng Federal Government"",""bo Borno State"",""bo Kwaya Kusar Local Government Area"","""",""bo Kwardum Ward"",""100.0"""
"NHMIS Monthly Summary (version 2013) Reporting rate,""ng Federal Government"",""bo Borno State"",""bo Kukawa Local Government Area"","""",""bo Kukawa Ward"",""50.0"""
"NHMIS Monthly Summary (version 2013) Reporting rate,""ng Federal Government"",""bo Borno State"",""bo Gubio Local Government Area"","""",""bo Dunga Ward"",""100.0"""
"NHMIS Monthly Summary (version 2013) Reporting rate,""ng Federal Government"",""bo Borno State"",""bo Maiduguri Local Government Area"","""",""bo Bulabulin Ward"",""100.0"""
"NHMIS Monthly Summary (version 2013) Reporting rate,""ng Federal Government"",""bo Borno State"",""bo Askira/Uba Local Government Area"","""",""bo Mussa Ward"",""100.0"""
"NHMIS Monthly Summary (version 2013) Reporting rate,""ng Federal Government"",""bo Borno State"",""bo Mafa Local Government Area"",""bo Tamsu Ngamduwa Ward"",""bo T/Ngamduwa Dispensary"",""100.0"""
"NHMIS Monthly Summary (version 2013) Reporting rate,""ng Federal Government"",""bo Borno State"",""bo Damboa Local Government Area"",""bo Damboa Ward"",""bo Damboa Maternal and Child Health Centre"",""100.0"""
"NHMIS Monthly Summary (version 2013) Reporting rate,""ng Federal Government"",""bo Borno State"",""bo Guzamala Local Government Area"",""bo Mairari Ward"",""bo Mairari Health Clinic"",""100.0"""
"NHMIS Monthly Summary (version 2013) Reporting rate,""ng Federal Government"",""bo Borno State"",""bo Magumeri Local Government Area"","""",""bo Titiwa Ward"",""100.0"""
"NHMIS Monthly Summary (version 2013) Reporting rate,""ng Federal Government"",""bo Borno State"",""bo Gwoza Local Government Area"",""bo Pulka Bokko Ward"",""bo Pulka Health Clinic"",""100.0"""
"NHMIS Monthly Summary (version 2013) Reporting rate,""ng Federal Government"",""bo Borno State"",""bo Kwaya Kusar Local Government Area"",""bo Yimirdalang Ward"",""bo Yimirdalang Primary Health Centre"",""100.0"""
"NHMIS Monthly Summary (version 2013) Reporting rate,""ng Federal Government"",""bo Borno State"",""bo Askira/Uba Local Government Area"",""bo Wamdio Ward"",""bo Giwi Dispensary"",""100.0"""
"NHMIS Monthly Summary (version 2013) Reporting rate,""ng Federal Government"",""bo Borno State"",""bo Kaga Local Government Area"","""",""bo Benishiek Ward"",""50.0"""
"NHMIS Monthly Summary (version 2013) Reporting rate,""ng Federal Government"",""bo Borno State"",""bo Askira/Uba Local Government Area"",""bo Ngohi Ward"",""bo Ngohi Dispensary"",""100.0"""
"NHMIS Monthly Summary (version 2013) Reporting rate,""ng Federal Government"",""bo Borno State"",""bo Biu Local Government Area"",""bo Yawi Ward"",""bo Army Barrack Health Clinic"",""100.0"""
"NHMIS Monthly Summary (version 2013) Reporting rate,""ng Federal Government"",""bo Borno State"",""bo Dikwa Local Government Area"",""bo Dikwa Ward"",""bo Dikwa Maternal and Child Health Centre"",""100.0"""
"NHMIS Monthly Summary (version 2013) Reporting rate,""ng Federal Government"",""bo Borno State"",""bo Shani Local Government Area"",""bo Bakaina Ward"",""bo Lakundum Health Clinic"",""100.0"""
"NHMIS Monthly Summary (version 2013) Reporting rate,""ng Federal Government"",""bo Borno State"",""bo Hawul Local Government Area"",""bo Kwajaffa Harang Ward"",""bo Gang Shaffa Dispensary"",""100.0"""
"NHMIS Monthly Summary (version 2013) Reporting rate,""ng Federal Government"",""bo Borno State"",""bo Maiduguri Local Government Area"",""bo Lamisula Jabbamari Ward"",""bo Abbaganaram Maternal and Child Health Centre"",""100.0"""
"NHMIS Monthly Summary (version 2013) Reporting rate,""ng Federal Government"",""bo Borno State"",""bo Chibok Local Government Area"",""bo Shikarkir Ward"",""bo Shikalkir Dispensary"",""100.0"""
"NHMIS Monthly Summary (version 2013) Reporting rate,""ng Federal Government"",""bo Borno State"",""bo Gwoza Local Government Area"","""",""bo Bita Izge Ward"",""100.0"""
"NHMIS Monthly Summary (version 2013) Reporting rate,""ng Federal Government"",""bo Borno State"",""bo Ngala Local Government Area"",""bo Gamboru C Ward"",""bo Gamboru Maternal and Child Health Centre (Ngala)"",""100.0"""
"NHMIS Monthly Summary (version 2013) Reporting rate,""ng Federal Government"",""bo Borno State"",""bo Kaga Local Government Area"",""bo Mainok Ward"",""bo Mainok Maternal and Child Health Centre"",""100.0"""
"NHMIS Monthly Summary (version 2013) Reporting rate,""ng Federal Government"",""bo Borno State"",""bo Hawul Local Government Area"","""",""bo Bilingwi Ward"",""100.0"""
"NHMIS Monthly Summary (version 2013) Reporting rate,""ng Federal Government"",""bo Borno State"",""bo Askira/Uba Local Government Area"",""bo Wamdio Ward"",""bo EYN Dispensary (Askira/Uba)"",""100.0"""
"NHMIS Monthly Summary (version 2013) Reporting rate,""ng Federal Government"",""bo Borno State"",""bo Askira/Uba Local Government Area"",""bo Hussara Zajawa Ward"",""bo Leho Dispensary"",""100.0"""
"NHMIS Monthly Summary (version 2013) Reporting rate,""ng Federal Government"",""bo Borno State"",""bo Chibok Local Government Area"","""",""bo Gatamarwa Ward"",""100.0"""
"NHMIS Monthly Summary (version 2013) Reporting rate,""ng Federal Government"",""bo Borno State"",""bo Shani Local Government Area"","""",""bo Bakaina Ward"",""50.0"""
"NHMIS Monthly Summary (version 2013) Reporting rate,""ng Federal Government"",""bo Borno State"",""bo Askira/Uba Local Government Area"","""",""bo Rumirgo Chull Ward"",""50.0"""
"NHMIS Monthly Summary (version 2013) Reporting rate,""ng Federal Government"",""bo Borno State"",""bo Dikwa Local Government Area"","""",""bo Dikwa Ward"",""100.0"""
"NHMIS Monthly Summary (version 2013) Reporting rate,""ng Federal Government"",""bo Borno State"",""bo Askira/Uba Local Government Area"","""",""bo Hussara Tampul Ward"",""50.0"""
"NHMIS Monthly Summary (version 2013) Reporting rate,""ng Federal Government"",""bo Borno State"",""bo Biu Local Government Area"","""",""bo Gur Ward"",""100.0"""
"NHMIS Monthly Summary (version 2013) Reporting rate,""ng Federal Government"",""bo Borno State"",""bo Hawul Local Government Area"",""bo Kwajaffa Harang Ward"",""bo Kwajaffa Clinic"",""100.0"""
"NHMIS Monthly Summary (version 2013) Reporting rate,""ng Federal Government"",""bo Borno State"",""bo Chibok Local Government Area"","""",""bo Mbalala Ward"",""100.0"""
"NHMIS Monthly Summary (version 2013) Reporting rate,""ng Federal Government"",""bo Borno State"",""bo Chibok Local Government Area"","""",""bo Kuburbula Ward"",""100.0"""
"NHMIS Monthly Summary (version 2013) Reporting rate,""ng Federal Government"",""bo Borno State"",""bo Biu Local Government Area"",""bo Gur Ward"",""bo Gur Lawan Dispensary"",""100.0"""
"NHMIS Monthly Summary (version 2013) Reporting rate,""ng Federal Government"",""bo Borno State"","""","""",""bo Askira/Uba Local Government Area"",""91.3"""
"NHMIS Monthly Summary (version 2013) Reporting rate,""ng Federal Government"",""bo Borno State"",""bo Gwoza Local Government Area"",""bo Hausari Gadamayo Ward"",""bo Gwoza General Hospital"",""100.0"""
"NHMIS Monthly Summary (version 2013) Reporting rate,""ng Federal Government"",""bo Borno State"",""bo Shani Local Government Area"","""",""bo Kubo Ward"",""50.0"""
"NHMIS Monthly Summary (version 2013) Reporting rate,""ng Federal Government"",""bo Borno State"",""bo Magumeri Local Government Area"",""bo Kareram Lawanti Ward"",""bo Kareram Health Clinic"",""100.0"""
"NHMIS Monthly Summary (version 2013) Reporting rate,""ng Federal Government"",""bo Borno State"",""bo Guzamala Local Government Area"","""",""bo Mairari Ward"",""100.0"""
"NHMIS Monthly Summary (version 2013) Reporting rate,""ng Federal Government"",""bo Borno State"",""bo Askira/Uba Local Government Area"",""bo Rumirgo Chull Ward"",""bo Remirgo Dispensary"",""100.0"""
"NHMIS Monthly Summary (version 2013) Reporting rate,""ng Federal Government"",""bo Borno State"","""","""",""bo Damboa Local Government Area"",""75.0"""
"NHMIS Monthly Summary (version 2013) Reporting rate,""ng Federal Government"",""bo Borno State"",""bo Chibok Local Government Area"","""",""bo Mbokura Ward"",""100.0"""
"NHMIS Monthly Summary (version 2013) Reporting rate,""ng Federal Government"",""bo Borno State"",""bo Askira/Uba Local Government Area"","""",""bo Wamdio Ward"",""100.0"""
"NHMIS Monthly Summary (version 2013) Reporting rate,""ng Federal Government"",""bo Borno State"",""bo Askira/Uba Local Government Area"",""bo Uba Ward"",""bo Uba General Hospital"",""100.0"""
"NHMIS Monthly Summary (version 2013) Reporting rate,""ng Federal Government"",""bo Borno State"",""bo Biu Local Government Area"",""bo Buratai Ward"",""bo Buratai Health Clinic"",""100.0"""
"NHMIS Monthly Summary (version 2013) Reporting rate,""ng Federal Government"",""bo Borno State"",""bo Chibok Local Government Area"",""bo Garu Ward"",""bo Garu General Hospital"",""100.0"""
"NHMIS Monthly Summary (version 2013) Reporting rate,""ng Federal Government"",""bo Borno State"",""bo Jere Local Government Area"",""bo Galtimari Ward"",""bo Fori Dispensary"",""100.0"""
"NHMIS Monthly Summary (version 2013) Reporting rate,""ng Federal Government"",""bo Borno State"",""bo Askira/Uba Local Government Area"",""bo Askira East Ward"",""bo Yimit Ali Health Clinic"",""100.0"""
"NHMIS Monthly Summary (version 2013) Reporting rate,""ng Federal Government"",""bo Borno State"",""bo Jere Local Government Area"",""bo Mashamari Ward"",""bo Mashamari Health Clinic"",""100.0"""
"NHMIS Monthly Summary (version 2013) Reporting rate,""ng Federal Government"",""bo Borno State"",""bo Jere Local Government Area"",""bo Galtimari Ward"",""bo Jiddari Polo Comprehensive Health Centre"",""100.0"""
"NHMIS Monthly Summary (version 2013) Reporting rate,""ng Federal Government"",""bo Borno State"",""bo Konduga Local Government Area"",""bo Dalori Ward"",""bo Dengeti Health Clinic"",""100.0"""
"NHMIS Monthly Summary (version 2013) Reporting rate,""ng Federal Government"",""bo Borno State"",""bo Shani Local Government Area"",""bo Bargu Ward"",""bo Bargu Maternal and Child Health Centre"",""100.0"""
"NHMIS Monthly Summary (version 2013) Reporting rate,""ng Federal Government"",""bo Borno State"",""bo Gwoza Local Government Area"",""bo Bita Izge Ward"",""bo Izge Health Clinic"",""100.0"""
"NHMIS Monthly Summary (version 2013) Reporting rate,""ng Federal Government"",""bo Borno State"",""bo Kwaya Kusar Local Government Area"",""bo Kurbagayi Ward"",""bo Kurbagayi Dispensary"",""100.0"""
"NHMIS Monthly Summary (version 2013) Reporting rate,""ng Federal Government"",""bo Borno State"",""bo Chibok Local Government Area"",""bo Garu Ward"",""bo Chibok Maternal and Child Health Centre"",""100.0"""
"NHMIS Monthly Summary (version 2013) Reporting rate,""ng Federal Government"",""bo Borno State"","""","""",""bo Guzamala Local Government Area"",""100.0"""
"NHMIS Monthly Summary (version 2013) Reporting rate,""ng Federal Government"",""bo Borno State"",""bo Biu Local Government Area"","""",""bo Sul-Umthla Ward"",""50.0"""
"NHMIS Monthly Summary (version 2013) Reporting rate,""ng Federal Government"",""bo Borno State"",""bo Maiduguri Local Government Area"",""bo Bolori Ward"",""bo Bolori Comprehensive Health Centre"",""100.0"""
"NHMIS Monthly Summary (version 2013) Reporting rate,""ng Federal Government"",""bo Borno State"",""bo Magumeri Local Government Area"",""bo Titiwa Ward"",""bo Titiwa Dispensary"",""100.0"""
"NHMIS Monthly Summary (version 2013) Reporting rate,""ng Federal Government"",""bo Borno State"",""bo Biu Local Government Area"","""",""bo Mandaragirau Ward"",""100.0"""
"NHMIS Monthly Summary (version 2013) Reporting rate,""ng Federal Government"",""bo Borno State"",""bo Askira/Uba Local Government Area"","""",""bo Delle Huyam Ward"",""100.0"""
"NHMIS Monthly Summary (version 2013) Reporting rate,""ng Federal Government"",""bo Borno State"",""bo Askira/Uba Local Government Area"","""",""bo Askira East Ward"",""100.0"""
"NHMIS Monthly Summary (version 2013) Reporting rate,""ng Federal Government"",""bo Borno State"",""bo Maiduguri Local Government Area"",""bo Bulabulin Ward"",""bo Bulabulin Dispensary (Maiduguri)"",""100.0"""
"NHMIS Monthly Summary (version 2013) Reporting rate,""ng Federal Government"",""bo Borno State"",""bo Chibok Local Government Area"",""bo Pemi Ward"",""bo Pemi Dispensary"",""100.0"""
"NHMIS Monthly Summary (version 2013) Reporting rate,""ng Federal Government"",""bo Borno State"",""bo Askira/Uba Local Government Area"",""bo Lassa Ward"",""bo Lassa General Hospital"",""100.0"""
